,Symbol,Name,Sector,Industry,last_updated
0,MMM,3M,Industrials,Industrial Conglomerates,2025-06-14 22:27:15
1,AOS,A. O. Smith,Industrials,Building Products,2025-06-14 22:27:15
2,ABT,Abbott Laboratories,Health Care,Health Care Equipment,2025-06-14 22:27:15
3,ABBV,AbbVie,Health Care,Biotechnology,2025-06-14 22:27:15
4,ACN,Accenture,Information Technology,IT Consulting & Other Services,2025-06-14 22:27:15
5,ADBE,Adobe Inc.,Information Technology,Application Software,2025-06-14 22:27:15
6,AMD,Advanced Micro Devices,Information Technology,Semiconductors,2025-06-14 22:27:15
7,AES,AES Corporation,Utilities,Independent Power Producers & Energy Traders,2025-06-14 22:27:15
8,AFL,Aflac,Financials,Life & Health Insurance,2025-06-14 22:27:15
9,A,Agilent Technologies,Health Care,Life Sciences Tools & Services,2025-06-14 22:27:15
10,APD,Air Products,Materials,Industrial Gases,2025-06-14 22:27:15
11,ABNB,Airbnb,Consumer Discretionary,"Hotels, Resorts & Cruise Lines",2025-06-14 22:27:15
12,AKAM,Akamai Technologies,Information Technology,Internet Services & Infrastructure,2025-06-14 22:27:15
13,ALB,Albemarle Corporation,Materials,Specialty Chemicals,2025-06-14 22:27:15
14,ARE,Alexandria Real Estate Equities,Real Estate,Office REITs,2025-06-14 22:27:15
15,ALGN,Align Technology,Health Care,Health Care Supplies,2025-06-14 22:27:15
16,ALLE,Allegion,Industrials,Building Products,2025-06-14 22:27:15
17,LNT,Alliant Energy,Utilities,Electric Utilities,2025-06-14 22:27:15
18,ALL,Allstate,Financials,Property & Casualty Insurance,2025-06-14 22:27:15
19,GOOGL,Alphabet Inc. (Class A),Communication Services,Interactive Media & Services,2025-06-14 22:27:15
20,GOOG,Alphabet Inc. (Class C),Communication Services,Interactive Media & Services,2025-06-14 22:27:15
21,MO,Altria,Consumer Staples,Tobacco,2025-06-14 22:27:15
22,AMZN,Amazon,Consumer Discretionary,Broadline Retail,2025-06-14 22:27:15
23,AMCR,Amcor,Materials,Paper & Plastic Packaging Products & Materials,2025-06-14 22:27:15
24,AEE,Ameren,Utilities,Multi-Utilities,2025-06-14 22:27:15
25,AEP,American Electric Power,Utilities,Electric Utilities,2025-06-14 22:27:15
26,AXP,American Express,Financials,Consumer Finance,2025-06-14 22:27:15
27,AIG,American International Group,Financials,Multi-line Insurance,2025-06-14 22:27:15
28,AMT,American Tower,Real Estate,Telecom Tower REITs,2025-06-14 22:27:15
29,AWK,American Water Works,Utilities,Water Utilities,2025-06-14 22:27:15
30,AMP,Ameriprise Financial,Financials,Asset Management & Custody Banks,2025-06-14 22:27:15
31,AME,Ametek,Industrials,Electrical Components & Equipment,2025-06-14 22:27:15
32,AMGN,Amgen,Health Care,Biotechnology,2025-06-14 22:27:15
33,APH,Amphenol,Information Technology,Electronic Components,2025-06-14 22:27:15
34,ADI,Analog Devices,Information Technology,Semiconductors,2025-06-14 22:27:15
35,ANSS,Ansys,Information Technology,Application Software,2025-06-14 22:27:15
36,AON,Aon plc,Financials,Insurance Brokers,2025-06-14 22:27:15
37,APA,APA Corporation,Energy,Oil & Gas Exploration & Production,2025-06-14 22:27:15
38,APO,Apollo Global Management,Financials,Asset Management & Custody Banks,2025-06-14 22:27:15
39,AAPL,Apple Inc.,Information Technology,"Technology Hardware, Storage & Peripherals",2025-06-14 22:27:15
40,AMAT,Applied Materials,Information Technology,Semiconductor Materials & Equipment,2025-06-14 22:27:15
41,APTV,Aptiv,Consumer Discretionary,Automotive Parts & Equipment,2025-06-14 22:27:15
42,ACGL,Arch Capital Group,Financials,Property & Casualty Insurance,2025-06-14 22:27:15
43,ADM,Archer Daniels Midland,Consumer Staples,Agricultural Products & Services,2025-06-14 22:27:15
44,ANET,Arista Networks,Information Technology,Communications Equipment,2025-06-14 22:27:15
45,AJG,Arthur J. Gallagher & Co.,Financials,Insurance Brokers,2025-06-14 22:27:15
46,AIZ,Assurant,Financials,Multi-line Insurance,2025-06-14 22:27:15
47,T,AT&T,Communication Services,Integrated Telecommunication Services,2025-06-14 22:27:15
48,ATO,Atmos Energy,Utilities,Gas Utilities,2025-06-14 22:27:15
49,ADSK,Autodesk,Information Technology,Application Software,2025-06-14 22:27:15
50,ADP,Automatic Data Processing,Industrials,Human Resource & Employment Services,2025-06-14 22:27:15
51,AZO,AutoZone,Consumer Discretionary,Automotive Retail,2025-06-14 22:27:15
52,AVB,AvalonBay Communities,Real Estate,Multi-Family Residential REITs,2025-06-14 22:27:15
53,AVY,Avery Dennison,Materials,Paper & Plastic Packaging Products & Materials,2025-06-14 22:27:15
54,AXON,Axon Enterprise,Industrials,Aerospace & Defense,2025-06-14 22:27:15
55,BKR,Baker Hughes,Energy,Oil & Gas Equipment & Services,2025-06-14 22:27:15
56,BALL,Ball Corporation,Materials,"Metal, Glass & Plastic Containers",2025-06-14 22:27:15
57,BAC,Bank of America,Financials,Diversified Banks,2025-06-14 22:27:15
58,BAX,Baxter International,Health Care,Health Care Equipment,2025-06-14 22:27:15
59,BDX,Becton Dickinson,Health Care,Health Care Equipment,2025-06-14 22:27:15
60,BRKB,Berkshire Hathaway,Financials,Multi-Sector Holdings,2025-06-14 22:27:15
61,BBY,Best Buy,Consumer Discretionary,Computer & Electronics Retail,2025-06-14 22:27:15
62,TECH,Bio-Techne,Health Care,Life Sciences Tools & Services,2025-06-14 22:27:15
63,BIIB,Biogen,Health Care,Biotechnology,2025-06-14 22:27:15
64,BLK,BlackRock,Financials,Asset Management & Custody Banks,2025-06-14 22:27:15
65,BX,Blackstone Inc.,Financials,Asset Management & Custody Banks,2025-06-14 22:27:15
66,BK,BNY Mellon,Financials,Asset Management & Custody Banks,2025-06-14 22:27:15
67,BA,Boeing,Industrials,Aerospace & Defense,2025-06-14 22:27:15
68,BKNG,Booking Holdings,Consumer Discretionary,"Hotels, Resorts & Cruise Lines",2025-06-14 22:27:15
69,BSX,Boston Scientific,Health Care,Health Care Equipment,2025-06-14 22:27:15
70,BMY,Bristol Myers Squibb,Health Care,Pharmaceuticals,2025-06-14 22:27:15
71,AVGO,Broadcom,Information Technology,Semiconductors,2025-06-14 22:27:15
72,BR,Broadridge Financial Solutions,Industrials,Data Processing & Outsourced Services,2025-06-14 22:27:15
73,BRO,Brown & Brown,Financials,Insurance Brokers,2025-06-14 22:27:15
74,BFB,Brown–Forman,Consumer Staples,Distillers & Vintners,2025-06-14 22:27:15
75,BLDR,Builders FirstSource,Industrials,Building Products,2025-06-14 22:27:15
76,BG,Bunge Global,Consumer Staples,Agricultural Products & Services,2025-06-14 22:27:15
77,BXP,"BXP, Inc.",Real Estate,Office REITs,2025-06-14 22:27:15
78,CHRW,C.H. Robinson,Industrials,Air Freight & Logistics,2025-06-14 22:27:15
79,CDNS,Cadence Design Systems,Information Technology,Application Software,2025-06-14 22:27:15
80,CZR,Caesars Entertainment,Consumer Discretionary,Casinos & Gaming,2025-06-14 22:27:15
81,CPT,Camden Property Trust,Real Estate,Multi-Family Residential REITs,2025-06-14 22:27:15
82,CPB,Campbell's Company (The),Consumer Staples,Packaged Foods & Meats,2025-06-14 22:27:15
83,COF,Capital One,Financials,Consumer Finance,2025-06-14 22:27:15
84,CAH,Cardinal Health,Health Care,Health Care Distributors,2025-06-14 22:27:15
85,KMX,CarMax,Consumer Discretionary,Automotive Retail,2025-06-14 22:27:15
86,CCL,Carnival,Consumer Discretionary,"Hotels, Resorts & Cruise Lines",2025-06-14 22:27:15
87,CARR,Carrier Global,Industrials,Building Products,2025-06-14 22:27:15
88,CAT,Caterpillar Inc.,Industrials,Construction Machinery & Heavy Transportation Equipment,2025-06-14 22:27:15
89,CBOE,Cboe Global Markets,Financials,Financial Exchanges & Data,2025-06-14 22:27:15
90,CBRE,CBRE Group,Real Estate,Real Estate Services,2025-06-14 22:27:15
91,CDW,CDW Corporation,Information Technology,Technology Distributors,2025-06-14 22:27:15
92,COR,Cencora,Health Care,Health Care Distributors,2025-06-14 22:27:15
93,CNC,Centene Corporation,Health Care,Managed Health Care,2025-06-14 22:27:15
94,CNP,CenterPoint Energy,Utilities,Multi-Utilities,2025-06-14 22:27:15
95,CF,CF Industries,Materials,Fertilizers & Agricultural Chemicals,2025-06-14 22:27:15
96,CRL,Charles River Laboratories,Health Care,Life Sciences Tools & Services,2025-06-14 22:27:15
97,SCHW,Charles Schwab Corporation,Financials,Investment Banking & Brokerage,2025-06-14 22:27:15
98,CHTR,Charter Communications,Communication Services,Cable & Satellite,2025-06-14 22:27:15
99,CVX,Chevron Corporation,Energy,Integrated Oil & Gas,2025-06-14 22:27:15
100,CMG,Chipotle Mexican Grill,Consumer Discretionary,Restaurants,2025-06-14 22:27:15
101,CB,Chubb Limited,Financials,Property & Casualty Insurance,2025-06-14 22:27:15
102,CHD,Church & Dwight,Consumer Staples,Household Products,2025-06-14 22:27:15
103,CI,Cigna,Health Care,Health Care Services,2025-06-14 22:27:15
104,CINF,Cincinnati Financial,Financials,Property & Casualty Insurance,2025-06-14 22:27:15
105,CTAS,Cintas,Industrials,Diversified Support Services,2025-06-14 22:27:15
106,CSCO,Cisco,Information Technology,Communications Equipment,2025-06-14 22:27:15
107,C,Citigroup,Financials,Diversified Banks,2025-06-14 22:27:15
108,CFG,Citizens Financial Group,Financials,Regional Banks,2025-06-14 22:27:15
109,CLX,Clorox,Consumer Staples,Household Products,2025-06-14 22:27:15
110,CME,CME Group,Financials,Financial Exchanges & Data,2025-06-14 22:27:15
111,CMS,CMS Energy,Utilities,Multi-Utilities,2025-06-14 22:27:15
112,KO,Coca-Cola Company (The),Consumer Staples,Soft Drinks & Non-alcoholic Beverages,2025-06-14 22:27:15
113,CTSH,Cognizant,Information Technology,IT Consulting & Other Services,2025-06-14 22:27:15
114,COIN,Coinbase,Financials,Financial Exchanges & Data,2025-06-14 22:27:15
115,CL,Colgate-Palmolive,Consumer Staples,Household Products,2025-06-14 22:27:15
116,CMCSA,Comcast,Communication Services,Cable & Satellite,2025-06-14 22:27:15
117,CAG,Conagra Brands,Consumer Staples,Packaged Foods & Meats,2025-06-14 22:27:15
118,COP,ConocoPhillips,Energy,Oil & Gas Exploration & Production,2025-06-14 22:27:15
119,ED,Consolidated Edison,Utilities,Multi-Utilities,2025-06-14 22:27:15
120,STZ,Constellation Brands,Consumer Staples,Distillers & Vintners,2025-06-14 22:27:15
121,CEG,Constellation Energy,Utilities,Electric Utilities,2025-06-14 22:27:15
122,COO,Cooper Companies (The),Health Care,Health Care Supplies,2025-06-14 22:27:15
123,CPRT,Copart,Industrials,Diversified Support Services,2025-06-14 22:27:15
124,GLW,Corning Inc.,Information Technology,Electronic Components,2025-06-14 22:27:15
125,CPAY,Corpay,Financials,Transaction & Payment Processing Services,2025-06-14 22:27:15
126,CTVA,Corteva,Materials,Fertilizers & Agricultural Chemicals,2025-06-14 22:27:15
127,CSGP,CoStar Group,Real Estate,Real Estate Services,2025-06-14 22:27:15
128,COST,Costco,Consumer Staples,Consumer Staples Merchandise Retail,2025-06-14 22:27:15
129,CTRA,Coterra,Energy,Oil & Gas Exploration & Production,2025-06-14 22:27:15
130,CRWD,CrowdStrike,Information Technology,Systems Software,2025-06-14 22:27:15
131,CCI,Crown Castle,Real Estate,Telecom Tower REITs,2025-06-14 22:27:15
132,CSX,CSX Corporation,Industrials,Rail Transportation,2025-06-14 22:27:15
133,CMI,Cummins,Industrials,Construction Machinery & Heavy Transportation Equipment,2025-06-14 22:27:15
134,CVS,CVS Health,Health Care,Health Care Services,2025-06-14 22:27:15
135,DHR,Danaher Corporation,Health Care,Life Sciences Tools & Services,2025-06-14 22:27:15
136,DRI,Darden Restaurants,Consumer Discretionary,Restaurants,2025-06-14 22:27:15
137,DVA,DaVita,Health Care,Health Care Services,2025-06-14 22:27:15
138,DAY,Dayforce,Industrials,Human Resource & Employment Services,2025-06-14 22:27:15
139,DECK,Deckers Brands,Consumer Discretionary,Footwear,2025-06-14 22:27:15
140,DE,Deere & Company,Industrials,Agricultural & Farm Machinery,2025-06-14 22:27:15
141,DELL,Dell Technologies,Information Technology,"Technology Hardware, Storage & Peripherals",2025-06-14 22:27:15
142,DAL,Delta Air Lines,Industrials,Passenger Airlines,2025-06-14 22:27:15
143,DVN,Devon Energy,Energy,Oil & Gas Exploration & Production,2025-06-14 22:27:15
144,DXCM,Dexcom,Health Care,Health Care Equipment,2025-06-14 22:27:15
145,FANG,Diamondback Energy,Energy,Oil & Gas Exploration & Production,2025-06-14 22:27:15
146,DLR,Digital Realty,Real Estate,Data Center REITs,2025-06-14 22:27:15
147,DG,Dollar General,Consumer Staples,Consumer Staples Merchandise Retail,2025-06-14 22:27:15
148,DLTR,Dollar Tree,Consumer Staples,Consumer Staples Merchandise Retail,2025-06-14 22:27:15
149,D,Dominion Energy,Utilities,Multi-Utilities,2025-06-14 22:27:15
150,DPZ,Domino's,Consumer Discretionary,Restaurants,2025-06-14 22:27:15
151,DASH,DoorDash,Consumer Discretionary,Specialized Consumer Services,2025-06-14 22:27:15
152,DOV,Dover Corporation,Industrials,Industrial Machinery & Supplies & Components,2025-06-14 22:27:15
153,DOW,Dow Inc.,Materials,Commodity Chemicals,2025-06-14 22:27:15
154,DHI,D. R. Horton,Consumer Discretionary,Homebuilding,2025-06-14 22:27:15
155,DTE,DTE Energy,Utilities,Multi-Utilities,2025-06-14 22:27:15
156,DUK,Duke Energy,Utilities,Electric Utilities,2025-06-14 22:27:15
157,DD,DuPont,Materials,Specialty Chemicals,2025-06-14 22:27:15
158,EMN,Eastman Chemical Company,Materials,Specialty Chemicals,2025-06-14 22:27:15
159,ETN,Eaton Corporation,Industrials,Electrical Components & Equipment,2025-06-14 22:27:15
160,EBAY,eBay Inc.,Consumer Discretionary,Broadline Retail,2025-06-14 22:27:15
161,ECL,Ecolab,Materials,Specialty Chemicals,2025-06-14 22:27:15
162,EIX,Edison International,Utilities,Electric Utilities,2025-06-14 22:27:15
163,EW,Edwards Lifesciences,Health Care,Health Care Equipment,2025-06-14 22:27:15
164,EA,Electronic Arts,Communication Services,Interactive Home Entertainment,2025-06-14 22:27:15
165,ELV,Elevance Health,Health Care,Managed Health Care,2025-06-14 22:27:15
166,EMR,Emerson Electric,Industrials,Electrical Components & Equipment,2025-06-14 22:27:15
167,ENPH,Enphase Energy,Information Technology,Semiconductor Materials & Equipment,2025-06-14 22:27:15
168,ETR,Entergy,Utilities,Electric Utilities,2025-06-14 22:27:15
169,EOG,EOG Resources,Energy,Oil & Gas Exploration & Production,2025-06-14 22:27:15
170,EPAM,EPAM Systems,Information Technology,IT Consulting & Other Services,2025-06-14 22:27:15
171,EQT,EQT Corporation,Energy,Oil & Gas Exploration & Production,2025-06-14 22:27:15
172,EFX,Equifax,Industrials,Research & Consulting Services,2025-06-14 22:27:15
173,EQIX,Equinix,Real Estate,Data Center REITs,2025-06-14 22:27:15
174,EQR,Equity Residential,Real Estate,Multi-Family Residential REITs,2025-06-14 22:27:15
175,ERIE,Erie Indemnity,Financials,Insurance Brokers,2025-06-14 22:27:15
176,ESS,Essex Property Trust,Real Estate,Multi-Family Residential REITs,2025-06-14 22:27:15
177,EL,Estée Lauder Companies (The),Consumer Staples,Personal Care Products,2025-06-14 22:27:15
178,EG,Everest Group,Financials,Reinsurance,2025-06-14 22:27:15
179,EVRG,Evergy,Utilities,Electric Utilities,2025-06-14 22:27:15
180,ES,Eversource Energy,Utilities,Electric Utilities,2025-06-14 22:27:15
181,EXC,Exelon,Utilities,Electric Utilities,2025-06-14 22:27:15
182,EXE,Expand Energy,Energy,Oil & Gas Exploration & Production,2025-06-14 22:27:15
183,EXPE,Expedia Group,Consumer Discretionary,"Hotels, Resorts & Cruise Lines",2025-06-14 22:27:15
184,EXPD,Expeditors International,Industrials,Air Freight & Logistics,2025-06-14 22:27:15
185,EXR,Extra Space Storage,Real Estate,Self-Storage REITs,2025-06-14 22:27:15
186,XOM,ExxonMobil,Energy,Integrated Oil & Gas,2025-06-14 22:27:15
187,FFIV,"F5, Inc.",Information Technology,Communications Equipment,2025-06-14 22:27:15
188,FDS,FactSet,Financials,Financial Exchanges & Data,2025-06-14 22:27:15
189,FICO,Fair Isaac,Information Technology,Application Software,2025-06-14 22:27:15
190,FAST,Fastenal,Industrials,Trading Companies & Distributors,2025-06-14 22:27:15
191,FRT,Federal Realty Investment Trust,Real Estate,Retail REITs,2025-06-14 22:27:15
192,FDX,FedEx,Industrials,Air Freight & Logistics,2025-06-14 22:27:15
193,FIS,Fidelity National Information Services,Financials,Transaction & Payment Processing Services,2025-06-14 22:27:15
194,FITB,Fifth Third Bancorp,Financials,Regional Banks,2025-06-14 22:27:15
195,FSLR,First Solar,Information Technology,Semiconductors,2025-06-14 22:27:15
196,FE,FirstEnergy,Utilities,Electric Utilities,2025-06-14 22:27:15
197,FI,Fiserv,Financials,Transaction & Payment Processing Services,2025-06-14 22:27:15
198,F,Ford Motor Company,Consumer Discretionary,Automobile Manufacturers,2025-06-14 22:27:15
199,FTNT,Fortinet,Information Technology,Systems Software,2025-06-14 22:27:15
200,FTV,Fortive,Industrials,Industrial Machinery & Supplies & Components,2025-06-14 22:27:15
201,FOXA,Fox Corporation (Class A),Communication Services,Broadcasting,2025-06-14 22:27:15
202,FOX,Fox Corporation (Class B),Communication Services,Broadcasting,2025-06-14 22:27:15
203,BEN,Franklin Resources,Financials,Asset Management & Custody Banks,2025-06-14 22:27:15
204,FCX,Freeport-McMoRan,Materials,Copper,2025-06-14 22:27:15
205,GRMN,Garmin,Consumer Discretionary,Consumer Electronics,2025-06-14 22:27:15
206,IT,Gartner,Information Technology,IT Consulting & Other Services,2025-06-14 22:27:15
207,GE,GE Aerospace,Industrials,Aerospace & Defense,2025-06-14 22:27:15
208,GEHC,GE HealthCare,Health Care,Health Care Equipment,2025-06-14 22:27:15
209,GEV,GE Vernova,Industrials,Heavy Electrical Equipment,2025-06-14 22:27:15
210,GEN,Gen Digital,Information Technology,Systems Software,2025-06-14 22:27:15
211,GNRC,Generac,Industrials,Electrical Components & Equipment,2025-06-14 22:27:15
212,GD,General Dynamics,Industrials,Aerospace & Defense,2025-06-14 22:27:15
213,GIS,General Mills,Consumer Staples,Packaged Foods & Meats,2025-06-14 22:27:15
214,GM,General Motors,Consumer Discretionary,Automobile Manufacturers,2025-06-14 22:27:15
215,GPC,Genuine Parts Company,Consumer Discretionary,Distributors,2025-06-14 22:27:15
216,GILD,Gilead Sciences,Health Care,Biotechnology,2025-06-14 22:27:15
217,GPN,Global Payments,Financials,Transaction & Payment Processing Services,2025-06-14 22:27:15
218,GL,Globe Life,Financials,Life & Health Insurance,2025-06-14 22:27:15
219,GDDY,GoDaddy,Information Technology,Internet Services & Infrastructure,2025-06-14 22:27:15
220,GS,Goldman Sachs,Financials,Investment Banking & Brokerage,2025-06-14 22:27:15
221,HAL,Halliburton,Energy,Oil & Gas Equipment & Services,2025-06-14 22:27:15
222,HIG,Hartford (The),Financials,Property & Casualty Insurance,2025-06-14 22:27:15
223,HAS,Hasbro,Consumer Discretionary,Leisure Products,2025-06-14 22:27:15
224,HCA,HCA Healthcare,Health Care,Health Care Facilities,2025-06-14 22:27:15
225,DOC,Healthpeak Properties,Real Estate,Health Care REITs,2025-06-14 22:27:15
226,HSIC,Henry Schein,Health Care,Health Care Distributors,2025-06-14 22:27:15
227,HSY,Hershey Company (The),Consumer Staples,Packaged Foods & Meats,2025-06-14 22:27:15
228,HES,Hess Corporation,Energy,Integrated Oil & Gas,2025-06-14 22:27:15
229,HPE,Hewlett Packard Enterprise,Information Technology,"Technology Hardware, Storage & Peripherals",2025-06-14 22:27:15
230,HLT,Hilton Worldwide,Consumer Discretionary,"Hotels, Resorts & Cruise Lines",2025-06-14 22:27:15
231,HOLX,Hologic,Health Care,Health Care Equipment,2025-06-14 22:27:15
232,HD,Home Depot (The),Consumer Discretionary,Home Improvement Retail,2025-06-14 22:27:15
233,HON,Honeywell,Industrials,Industrial Conglomerates,2025-06-14 22:27:15
234,HRL,Hormel Foods,Consumer Staples,Packaged Foods & Meats,2025-06-14 22:27:15
235,HST,Host Hotels & Resorts,Real Estate,Hotel & Resort REITs,2025-06-14 22:27:15
236,HWM,Howmet Aerospace,Industrials,Aerospace & Defense,2025-06-14 22:27:15
237,HPQ,HP Inc.,Information Technology,"Technology Hardware, Storage & Peripherals",2025-06-14 22:27:15
238,HUBB,Hubbell Incorporated,Industrials,Industrial Machinery & Supplies & Components,2025-06-14 22:27:15
239,HUM,Humana,Health Care,Managed Health Care,2025-06-14 22:27:15
240,HBAN,Huntington Bancshares,Financials,Regional Banks,2025-06-14 22:27:15
241,HII,Huntington Ingalls Industries,Industrials,Aerospace & Defense,2025-06-14 22:27:15
242,IBM,IBM,Information Technology,IT Consulting & Other Services,2025-06-14 22:27:15
243,IEX,IDEX Corporation,Industrials,Industrial Machinery & Supplies & Components,2025-06-14 22:27:15
244,IDXX,Idexx Laboratories,Health Care,Health Care Equipment,2025-06-14 22:27:15
245,ITW,Illinois Tool Works,Industrials,Industrial Machinery & Supplies & Components,2025-06-14 22:27:15
246,INCY,Incyte,Health Care,Biotechnology,2025-06-14 22:27:15
247,IR,Ingersoll Rand,Industrials,Industrial Machinery & Supplies & Components,2025-06-14 22:27:15
248,PODD,Insulet Corporation,Health Care,Health Care Equipment,2025-06-14 22:27:15
249,INTC,Intel,Information Technology,Semiconductors,2025-06-14 22:27:15
250,ICE,Intercontinental Exchange,Financials,Financial Exchanges & Data,2025-06-14 22:27:15
251,IFF,International Flavors & Fragrances,Materials,Specialty Chemicals,2025-06-14 22:27:15
252,IP,International Paper,Materials,Paper & Plastic Packaging Products & Materials,2025-06-14 22:27:15
253,IPG,Interpublic Group of Companies (The),Communication Services,Advertising,2025-06-14 22:27:15
254,INTU,Intuit,Information Technology,Application Software,2025-06-14 22:27:15
255,ISRG,Intuitive Surgical,Health Care,Health Care Equipment,2025-06-14 22:27:15
256,IVZ,Invesco,Financials,Asset Management & Custody Banks,2025-06-14 22:27:15
257,INVH,Invitation Homes,Real Estate,Single-Family Residential REITs,2025-06-14 22:27:15
258,IQV,IQVIA,Health Care,Life Sciences Tools & Services,2025-06-14 22:27:15
259,IRM,Iron Mountain,Real Estate,Other Specialized REITs,2025-06-14 22:27:15
260,JBHT,J.B. Hunt,Industrials,Cargo Ground Transportation,2025-06-14 22:27:15
261,JBL,Jabil,Information Technology,Electronic Manufacturing Services,2025-06-14 22:27:15
262,JKHY,Jack Henry & Associates,Financials,Transaction & Payment Processing Services,2025-06-14 22:27:15
263,J,Jacobs Solutions,Industrials,Construction & Engineering,2025-06-14 22:27:15
264,JNJ,Johnson & Johnson,Health Care,Pharmaceuticals,2025-06-14 22:27:15
265,JCI,Johnson Controls,Industrials,Building Products,2025-06-14 22:27:15
266,JPM,JPMorgan Chase,Financials,Diversified Banks,2025-06-14 22:27:15
267,JNPR,Juniper Networks,Information Technology,Communications Equipment,2025-06-14 22:27:15
268,K,Kellanova,Consumer Staples,Packaged Foods & Meats,2025-06-14 22:27:15
269,KVUE,Kenvue,Consumer Staples,Personal Care Products,2025-06-14 22:27:15
270,KDP,Keurig Dr Pepper,Consumer Staples,Soft Drinks & Non-alcoholic Beverages,2025-06-14 22:27:15
271,KEY,KeyCorp,Financials,Regional Banks,2025-06-14 22:27:15
272,KEYS,Keysight Technologies,Information Technology,Electronic Equipment & Instruments,2025-06-14 22:27:15
273,KMB,Kimberly-Clark,Consumer Staples,Household Products,2025-06-14 22:27:15
274,KIM,Kimco Realty,Real Estate,Retail REITs,2025-06-14 22:27:15
275,KMI,Kinder Morgan,Energy,Oil & Gas Storage & Transportation,2025-06-14 22:27:15
276,KKR,KKR & Co.,Financials,Asset Management & Custody Banks,2025-06-14 22:27:15
277,KLAC,KLA Corporation,Information Technology,Semiconductor Materials & Equipment,2025-06-14 22:27:15
278,KHC,Kraft Heinz,Consumer Staples,Packaged Foods & Meats,2025-06-14 22:27:15
279,KR,Kroger,Consumer Staples,Food Retail,2025-06-14 22:27:15
280,LHX,L3Harris,Industrials,Aerospace & Defense,2025-06-14 22:27:15
281,LH,Labcorp,Health Care,Health Care Services,2025-06-14 22:27:15
282,LRCX,Lam Research,Information Technology,Semiconductor Materials & Equipment,2025-06-14 22:27:15
283,LW,Lamb Weston,Consumer Staples,Packaged Foods & Meats,2025-06-14 22:27:15
284,LVS,Las Vegas Sands,Consumer Discretionary,Casinos & Gaming,2025-06-14 22:27:15
285,LDOS,Leidos,Industrials,Diversified Support Services,2025-06-14 22:27:15
286,LEN,Lennar,Consumer Discretionary,Homebuilding,2025-06-14 22:27:15
287,LII,Lennox International,Industrials,Building Products,2025-06-14 22:27:15
288,LLY,Lilly (Eli),Health Care,Pharmaceuticals,2025-06-14 22:27:15
289,LIN,Linde plc,Materials,Industrial Gases,2025-06-14 22:27:15
290,LYV,Live Nation Entertainment,Communication Services,Movies & Entertainment,2025-06-14 22:27:15
291,LKQ,LKQ Corporation,Consumer Discretionary,Distributors,2025-06-14 22:27:15
292,LMT,Lockheed Martin,Industrials,Aerospace & Defense,2025-06-14 22:27:15
293,L,Loews Corporation,Financials,Multi-line Insurance,2025-06-14 22:27:15
294,LOW,Lowe's,Consumer Discretionary,Home Improvement Retail,2025-06-14 22:27:15
295,LULU,Lululemon Athletica,Consumer Discretionary,"Apparel, Accessories & Luxury Goods",2025-06-14 22:27:15
296,LYB,LyondellBasell,Materials,Specialty Chemicals,2025-06-14 22:27:15
297,MTB,M&T Bank,Financials,Regional Banks,2025-06-14 22:27:15
298,MPC,Marathon Petroleum,Energy,Oil & Gas Refining & Marketing,2025-06-14 22:27:15
299,MKTX,MarketAxess,Financials,Financial Exchanges & Data,2025-06-14 22:27:15
300,MAR,Marriott International,Consumer Discretionary,"Hotels, Resorts & Cruise Lines",2025-06-14 22:27:15
301,MMC,Marsh McLennan,Financials,Insurance Brokers,2025-06-14 22:27:15
302,MLM,Martin Marietta Materials,Materials,Construction Materials,2025-06-14 22:27:15
303,MAS,Masco,Industrials,Building Products,2025-06-14 22:27:15
304,MA,Mastercard,Financials,Transaction & Payment Processing Services,2025-06-14 22:27:15
305,MTCH,Match Group,Communication Services,Interactive Media & Services,2025-06-14 22:27:15
306,MKC,McCormick & Company,Consumer Staples,Packaged Foods & Meats,2025-06-14 22:27:15
307,MCD,McDonald's,Consumer Discretionary,Restaurants,2025-06-14 22:27:15
308,MCK,McKesson Corporation,Health Care,Health Care Distributors,2025-06-14 22:27:15
309,MDT,Medtronic,Health Care,Health Care Equipment,2025-06-14 22:27:15
310,MRK,Merck & Co.,Health Care,Pharmaceuticals,2025-06-14 22:27:15
311,META,Meta Platforms,Communication Services,Interactive Media & Services,2025-06-14 22:27:15
312,MET,MetLife,Financials,Life & Health Insurance,2025-06-14 22:27:15
313,MTD,Mettler Toledo,Health Care,Life Sciences Tools & Services,2025-06-14 22:27:15
314,MGM,MGM Resorts,Consumer Discretionary,Casinos & Gaming,2025-06-14 22:27:15
315,MCHP,Microchip Technology,Information Technology,Semiconductors,2025-06-14 22:27:15
316,MU,Micron Technology,Information Technology,Semiconductors,2025-06-14 22:27:15
317,MSFT,Microsoft,Information Technology,Systems Software,2025-06-14 22:27:15
318,MAA,Mid-America Apartment Communities,Real Estate,Multi-Family Residential REITs,2025-06-14 22:27:15
319,MRNA,Moderna,Health Care,Biotechnology,2025-06-14 22:27:15
320,MHK,Mohawk Industries,Consumer Discretionary,Home Furnishings,2025-06-14 22:27:15
321,MOH,Molina Healthcare,Health Care,Managed Health Care,2025-06-14 22:27:15
322,TAP,Molson Coors Beverage Company,Consumer Staples,Brewers,2025-06-14 22:27:15
323,MDLZ,Mondelez International,Consumer Staples,Packaged Foods & Meats,2025-06-14 22:27:15
324,MPWR,Monolithic Power Systems,Information Technology,Semiconductors,2025-06-14 22:27:15
325,MNST,Monster Beverage,Consumer Staples,Soft Drinks & Non-alcoholic Beverages,2025-06-14 22:27:15
326,MCO,Moody's Corporation,Financials,Financial Exchanges & Data,2025-06-14 22:27:15
327,MS,Morgan Stanley,Financials,Investment Banking & Brokerage,2025-06-14 22:27:15
328,MOS,Mosaic Company (The),Materials,Fertilizers & Agricultural Chemicals,2025-06-14 22:27:15
329,MSI,Motorola Solutions,Information Technology,Communications Equipment,2025-06-14 22:27:15
330,MSCI,MSCI Inc.,Financials,Financial Exchanges & Data,2025-06-14 22:27:15
331,NDAQ,"Nasdaq, Inc.",Financials,Financial Exchanges & Data,2025-06-14 22:27:15
332,NTAP,NetApp,Information Technology,"Technology Hardware, Storage & Peripherals",2025-06-14 22:27:15
333,NFLX,Netflix,Communication Services,Movies & Entertainment,2025-06-14 22:27:15
334,NEM,Newmont,Materials,Gold,2025-06-14 22:27:15
335,NWSA,News Corp (Class A),Communication Services,Publishing,2025-06-14 22:27:15
336,NWS,News Corp (Class B),Communication Services,Publishing,2025-06-14 22:27:15
337,NEE,NextEra Energy,Utilities,Multi-Utilities,2025-06-14 22:27:15
338,NKE,"Nike, Inc.",Consumer Discretionary,"Apparel, Accessories & Luxury Goods",2025-06-14 22:27:15
339,NI,NiSource,Utilities,Multi-Utilities,2025-06-14 22:27:15
340,NDSN,Nordson Corporation,Industrials,Industrial Machinery & Supplies & Components,2025-06-14 22:27:15
341,NSC,Norfolk Southern,Industrials,Rail Transportation,2025-06-14 22:27:15
342,NTRS,Northern Trust,Financials,Asset Management & Custody Banks,2025-06-14 22:27:15
343,NOC,Northrop Grumman,Industrials,Aerospace & Defense,2025-06-14 22:27:15
344,NCLH,Norwegian Cruise Line Holdings,Consumer Discretionary,"Hotels, Resorts & Cruise Lines",2025-06-14 22:27:15
345,NRG,NRG Energy,Utilities,Independent Power Producers & Energy Traders,2025-06-14 22:27:15
346,NUE,Nucor,Materials,Steel,2025-06-14 22:27:15
347,NVDA,Nvidia,Information Technology,Semiconductors,2025-06-14 22:27:15
348,NVR,"NVR, Inc.",Consumer Discretionary,Homebuilding,2025-06-14 22:27:15
349,NXPI,NXP Semiconductors,Information Technology,Semiconductors,2025-06-14 22:27:15
350,ORLY,O’Reilly Automotive,Consumer Discretionary,Automotive Retail,2025-06-14 22:27:15
351,OXY,Occidental Petroleum,Energy,Oil & Gas Exploration & Production,2025-06-14 22:27:15
352,ODFL,Old Dominion,Industrials,Cargo Ground Transportation,2025-06-14 22:27:15
353,OMC,Omnicom Group,Communication Services,Advertising,2025-06-14 22:27:15
354,ON,ON Semiconductor,Information Technology,Semiconductors,2025-06-14 22:27:15
355,OKE,Oneok,Energy,Oil & Gas Storage & Transportation,2025-06-14 22:27:15
356,ORCL,Oracle Corporation,Information Technology,Application Software,2025-06-14 22:27:15
357,OTIS,Otis Worldwide,Industrials,Industrial Machinery & Supplies & Components,2025-06-14 22:27:15
358,PCAR,Paccar,Industrials,Construction Machinery & Heavy Transportation Equipment,2025-06-14 22:27:15
359,PKG,Packaging Corporation of America,Materials,Paper & Plastic Packaging Products & Materials,2025-06-14 22:27:15
360,PLTR,Palantir Technologies,Information Technology,Application Software,2025-06-14 22:27:15
361,PANW,Palo Alto Networks,Information Technology,Systems Software,2025-06-14 22:27:15
362,PARA,Paramount Global,Communication Services,Movies & Entertainment,2025-06-14 22:27:15
363,PH,Parker Hannifin,Industrials,Industrial Machinery & Supplies & Components,2025-06-14 22:27:15
364,PAYX,Paychex,Industrials,Human Resource & Employment Services,2025-06-14 22:27:15
365,PAYC,Paycom,Industrials,Human Resource & Employment Services,2025-06-14 22:27:15
366,PYPL,PayPal,Financials,Transaction & Payment Processing Services,2025-06-14 22:27:15
367,PNR,Pentair,Industrials,Industrial Machinery & Supplies & Components,2025-06-14 22:27:15
368,PEP,PepsiCo,Consumer Staples,Soft Drinks & Non-alcoholic Beverages,2025-06-14 22:27:15
369,PFE,Pfizer,Health Care,Pharmaceuticals,2025-06-14 22:27:15
370,PCG,PG&E Corporation,Utilities,Multi-Utilities,2025-06-14 22:27:15
371,PM,Philip Morris International,Consumer Staples,Tobacco,2025-06-14 22:27:15
372,PSX,Phillips 66,Energy,Oil & Gas Refining & Marketing,2025-06-14 22:27:15
373,PNW,Pinnacle West Capital,Utilities,Multi-Utilities,2025-06-14 22:27:15
374,PNC,PNC Financial Services,Financials,Diversified Banks,2025-06-14 22:27:15
375,POOL,Pool Corporation,Consumer Discretionary,Distributors,2025-06-14 22:27:15
376,PPG,PPG Industries,Materials,Specialty Chemicals,2025-06-14 22:27:15
377,PPL,PPL Corporation,Utilities,Electric Utilities,2025-06-14 22:27:15
378,PFG,Principal Financial Group,Financials,Life & Health Insurance,2025-06-14 22:27:15
379,PG,Procter & Gamble,Consumer Staples,Personal Care Products,2025-06-14 22:27:15
380,PGR,Progressive Corporation,Financials,Property & Casualty Insurance,2025-06-14 22:27:15
381,PLD,Prologis,Real Estate,Industrial REITs,2025-06-14 22:27:15
382,PRU,Prudential Financial,Financials,Life & Health Insurance,2025-06-14 22:27:15
383,PEG,Public Service Enterprise Group,Utilities,Electric Utilities,2025-06-14 22:27:15
384,PTC,PTC Inc.,Information Technology,Application Software,2025-06-14 22:27:15
385,PSA,Public Storage,Real Estate,Self-Storage REITs,2025-06-14 22:27:15
386,PHM,PulteGroup,Consumer Discretionary,Homebuilding,2025-06-14 22:27:15
387,PWR,Quanta Services,Industrials,Construction & Engineering,2025-06-14 22:27:15
388,QCOM,Qualcomm,Information Technology,Semiconductors,2025-06-14 22:27:15
389,DGX,Quest Diagnostics,Health Care,Health Care Services,2025-06-14 22:27:15
390,RL,Ralph Lauren Corporation,Consumer Discretionary,"Apparel, Accessories & Luxury Goods",2025-06-14 22:27:15
391,RJF,Raymond James Financial,Financials,Investment Banking & Brokerage,2025-06-14 22:27:15
392,RTX,RTX Corporation,Industrials,Aerospace & Defense,2025-06-14 22:27:15
393,O,Realty Income,Real Estate,Retail REITs,2025-06-14 22:27:15
394,REG,Regency Centers,Real Estate,Retail REITs,2025-06-14 22:27:15
395,REGN,Regeneron Pharmaceuticals,Health Care,Biotechnology,2025-06-14 22:27:15
396,RF,Regions Financial Corporation,Financials,Regional Banks,2025-06-14 22:27:15
397,RSG,Republic Services,Industrials,Environmental & Facilities Services,2025-06-14 22:27:15
398,RMD,ResMed,Health Care,Health Care Equipment,2025-06-14 22:27:15
399,RVTY,Revvity,Health Care,Health Care Equipment,2025-06-14 22:27:15
400,ROK,Rockwell Automation,Industrials,Electrical Components & Equipment,2025-06-14 22:27:15
401,ROL,"Rollins, Inc.",Industrials,Environmental & Facilities Services,2025-06-14 22:27:15
402,ROP,Roper Technologies,Information Technology,Electronic Equipment & Instruments,2025-06-14 22:27:15
403,ROST,Ross Stores,Consumer Discretionary,Apparel Retail,2025-06-14 22:27:15
404,RCL,Royal Caribbean Group,Consumer Discretionary,"Hotels, Resorts & Cruise Lines",2025-06-14 22:27:15
405,SPGI,S&P Global,Financials,Financial Exchanges & Data,2025-06-14 22:27:15
406,CRM,Salesforce,Information Technology,Application Software,2025-06-14 22:27:15
407,SBAC,SBA Communications,Real Estate,Telecom Tower REITs,2025-06-14 22:27:15
408,SLB,Schlumberger,Energy,Oil & Gas Equipment & Services,2025-06-14 22:27:15
409,STX,Seagate Technology,Information Technology,"Technology Hardware, Storage & Peripherals",2025-06-14 22:27:15
410,SRE,Sempra,Utilities,Multi-Utilities,2025-06-14 22:27:15
411,NOW,ServiceNow,Information Technology,Systems Software,2025-06-14 22:27:15
412,SHW,Sherwin-Williams,Materials,Specialty Chemicals,2025-06-14 22:27:15
413,SPG,Simon Property Group,Real Estate,Retail REITs,2025-06-14 22:27:15
414,SWKS,Skyworks Solutions,Information Technology,Semiconductors,2025-06-14 22:27:15
415,SJM,J.M. Smucker Company (The),Consumer Staples,Packaged Foods & Meats,2025-06-14 22:27:15
416,SW,Smurfit Westrock,Materials,Paper & Plastic Packaging Products & Materials,2025-06-14 22:27:15
417,SNA,Snap-on,Industrials,Industrial Machinery & Supplies & Components,2025-06-14 22:27:15
418,SOLV,Solventum,Health Care,Health Care Technology,2025-06-14 22:27:15
419,SO,Southern Company,Utilities,Electric Utilities,2025-06-14 22:27:15
420,LUV,Southwest Airlines,Industrials,Passenger Airlines,2025-06-14 22:27:15
421,SWK,Stanley Black & Decker,Industrials,Industrial Machinery & Supplies & Components,2025-06-14 22:27:15
422,SBUX,Starbucks,Consumer Discretionary,Restaurants,2025-06-14 22:27:15
423,STT,State Street Corporation,Financials,Asset Management & Custody Banks,2025-06-14 22:27:15
424,STLD,Steel Dynamics,Materials,Steel,2025-06-14 22:27:15
425,STE,Steris,Health Care,Health Care Equipment,2025-06-14 22:27:15
426,SYK,Stryker Corporation,Health Care,Health Care Equipment,2025-06-14 22:27:15
427,SMCI,Supermicro,Information Technology,"Technology Hardware, Storage & Peripherals",2025-06-14 22:27:15
428,SYF,Synchrony Financial,Financials,Consumer Finance,2025-06-14 22:27:15
429,SNPS,Synopsys,Information Technology,Application Software,2025-06-14 22:27:15
430,SYY,Sysco,Consumer Staples,Food Distributors,2025-06-14 22:27:15
431,TMUS,T-Mobile US,Communication Services,Wireless Telecommunication Services,2025-06-14 22:27:15
432,TROW,T. Rowe Price,Financials,Asset Management & Custody Banks,2025-06-14 22:27:15
433,TTWO,Take-Two Interactive,Communication Services,Interactive Home Entertainment,2025-06-14 22:27:15
434,TPR,"Tapestry, Inc.",Consumer Discretionary,"Apparel, Accessories & Luxury Goods",2025-06-14 22:27:15
435,TRGP,Targa Resources,Energy,Oil & Gas Storage & Transportation,2025-06-14 22:27:15
436,TGT,Target Corporation,Consumer Staples,Consumer Staples Merchandise Retail,2025-06-14 22:27:15
437,TEL,TE Connectivity,Information Technology,Electronic Manufacturing Services,2025-06-14 22:27:15
438,TDY,Teledyne Technologies,Information Technology,Electronic Equipment & Instruments,2025-06-14 22:27:15
439,TER,Teradyne,Information Technology,Semiconductor Materials & Equipment,2025-06-14 22:27:15
440,TSLA,"Tesla, Inc.",Consumer Discretionary,Automobile Manufacturers,2025-06-14 22:27:15
441,TXN,Texas Instruments,Information Technology,Semiconductors,2025-06-14 22:27:15
442,TPL,Texas Pacific Land Corporation,Energy,Oil & Gas Exploration & Production,2025-06-14 22:27:15
443,TXT,Textron,Industrials,Aerospace & Defense,2025-06-14 22:27:15
444,TMO,Thermo Fisher Scientific,Health Care,Life Sciences Tools & Services,2025-06-14 22:27:15
445,TJX,TJX Companies,Consumer Discretionary,Apparel Retail,2025-06-14 22:27:15
446,TKO,TKO Group Holdings,Communication Services,Movies & Entertainment,2025-06-14 22:27:15
447,TSCO,Tractor Supply,Consumer Discretionary,Other Specialty Retail,2025-06-14 22:27:15
448,TT,Trane Technologies,Industrials,Building Products,2025-06-14 22:27:15
449,TDG,TransDigm Group,Industrials,Aerospace & Defense,2025-06-14 22:27:15
450,TRV,Travelers Companies (The),Financials,Property & Casualty Insurance,2025-06-14 22:27:15
451,TRMB,Trimble Inc.,Information Technology,Electronic Equipment & Instruments,2025-06-14 22:27:15
452,TFC,Truist Financial,Financials,Diversified Banks,2025-06-14 22:27:15
453,TYL,Tyler Technologies,Information Technology,Application Software,2025-06-14 22:27:15
454,TSN,Tyson Foods,Consumer Staples,Packaged Foods & Meats,2025-06-14 22:27:15
455,USB,U.S. Bancorp,Financials,Diversified Banks,2025-06-14 22:27:15
456,UBER,Uber,Industrials,Passenger Ground Transportation,2025-06-14 22:27:15
457,UDR,"UDR, Inc.",Real Estate,Multi-Family Residential REITs,2025-06-14 22:27:15
458,ULTA,Ulta Beauty,Consumer Discretionary,Other Specialty Retail,2025-06-14 22:27:15
459,UNP,Union Pacific Corporation,Industrials,Rail Transportation,2025-06-14 22:27:15
460,UAL,United Airlines Holdings,Industrials,Passenger Airlines,2025-06-14 22:27:15
461,UPS,United Parcel Service,Industrials,Air Freight & Logistics,2025-06-14 22:27:15
462,URI,United Rentals,Industrials,Trading Companies & Distributors,2025-06-14 22:27:15
463,UNH,UnitedHealth Group,Health Care,Managed Health Care,2025-06-14 22:27:15
464,UHS,Universal Health Services,Health Care,Health Care Facilities,2025-06-14 22:27:15
465,VLO,Valero Energy,Energy,Oil & Gas Refining & Marketing,2025-06-14 22:27:15
466,VTR,Ventas,Real Estate,Health Care REITs,2025-06-14 22:27:15
467,VLTO,Veralto,Industrials,Environmental & Facilities Services,2025-06-14 22:27:15
468,VRSN,Verisign,Information Technology,Internet Services & Infrastructure,2025-06-14 22:27:15
469,VRSK,Verisk Analytics,Industrials,Research & Consulting Services,2025-06-14 22:27:15
470,VZ,Verizon,Communication Services,Integrated Telecommunication Services,2025-06-14 22:27:15
471,VRTX,Vertex Pharmaceuticals,Health Care,Biotechnology,2025-06-14 22:27:15
472,VTRS,Viatris,Health Care,Pharmaceuticals,2025-06-14 22:27:15
473,VICI,Vici Properties,Real Estate,Hotel & Resort REITs,2025-06-14 22:27:15
474,V,Visa Inc.,Financials,Transaction & Payment Processing Services,2025-06-14 22:27:15
475,VST,Vistra Corp.,Utilities,Electric Utilities,2025-06-14 22:27:15
476,VMC,Vulcan Materials Company,Materials,Construction Materials,2025-06-14 22:27:15
477,WRB,W. R. Berkley Corporation,Financials,Property & Casualty Insurance,2025-06-14 22:27:15
478,GWW,W. W. Grainger,Industrials,Industrial Machinery & Supplies & Components,2025-06-14 22:27:15
479,WAB,Wabtec,Industrials,Construction Machinery & Heavy Transportation Equipment,2025-06-14 22:27:15
480,WBA,Walgreens Boots Alliance,Consumer Staples,Drug Retail,2025-06-14 22:27:15
481,WMT,Walmart,Consumer Staples,Consumer Staples Merchandise Retail,2025-06-14 22:27:15
482,DIS,Walt Disney Company (The),Communication Services,Movies & Entertainment,2025-06-14 22:27:15
483,WBD,Warner Bros. Discovery,Communication Services,Broadcasting,2025-06-14 22:27:15
484,WM,Waste Management,Industrials,Environmental & Facilities Services,2025-06-14 22:27:15
485,WAT,Waters Corporation,Health Care,Life Sciences Tools & Services,2025-06-14 22:27:15
486,WEC,WEC Energy Group,Utilities,Electric Utilities,2025-06-14 22:27:15
487,WFC,Wells Fargo,Financials,Diversified Banks,2025-06-14 22:27:15
488,WELL,Welltower,Real Estate,Health Care REITs,2025-06-14 22:27:15
489,WST,West Pharmaceutical Services,Health Care,Health Care Supplies,2025-06-14 22:27:15
490,WDC,Western Digital,Information Technology,"Technology Hardware, Storage & Peripherals",2025-06-14 22:27:15
491,WY,Weyerhaeuser,Real Estate,Timber REITs,2025-06-14 22:27:15
492,WSM,"Williams-Sonoma, Inc.",Consumer Discretionary,Homefurnishing Retail,2025-06-14 22:27:15
493,WMB,Williams Companies,Energy,Oil & Gas Storage & Transportation,2025-06-14 22:27:15
494,WTW,Willis Towers Watson,Financials,Insurance Brokers,2025-06-14 22:27:15
495,WDAY,"Workday, Inc.",Information Technology,Application Software,2025-06-14 22:27:15
496,WYNN,Wynn Resorts,Consumer Discretionary,Casinos & Gaming,2025-06-14 22:27:15
497,XEL,Xcel Energy,Utilities,Multi-Utilities,2025-06-14 22:27:15
498,XYL,Xylem Inc.,Industrials,Industrial Machinery & Supplies & Components,2025-06-14 22:27:15
499,YUM,Yum! Brands,Consumer Discretionary,Restaurants,2025-06-14 22:27:15
500,ZBRA,Zebra Technologies,Information Technology,Electronic Equipment & Instruments,2025-06-14 22:27:15
501,ZBH,Zimmer Biomet,Health Care,Health Care Equipment,2025-06-14 22:27:15
502,ZTS,Zoetis,Health Care,Pharmaceuticals,2025-06-14 22:27:15
